Workbook

Sheet Round 1
A1: S.No | B1: Reg No. | C1: Name | D1: Department
A2: 1 | B2: 7376232AL155 | C2: Mathivathani R V | D2: Artificial Intelligence and Machine Learning
A3: 2 | B3: 7376232AD109 | C3: Archana S | D3: Artificial Intelligence and Data Science
A4: 3 | B4: 7376231SE119 | C4: Janushiya M | D4: Information Science and Engineering
A5: 4 | B5: 7376232AL144 | C5: Kowshika D | D5: Artificial Intelligence and Machine Learning
A6: 5 | B6: 7376232AD246 | C6: Selva Sharan P | D6: Artificial Intelligence and Data Science
A7: 6 | B7: 7376232AD270 | C7: Suresh S U | D7: Artificial Intelligence and Data Science
A8: 7 | B8: 7376232AL115 | C8: Divyadharani R | D8: Artificial Intelligence and Machine Learning
A9: 8 | B9: 7376232IT176 | C9: Kavi Prasath K | D9: Information Technology
A10: 9 | B10: 7376232CT112 | C10: Divya Priya B | D10: Computer Technology
A11: 10 | B11: 7376231CS289 | C11: Rubika V S | D11: Computer Science and Engineering
A12: 11 | B12: 7376232IT230 | C12: Prithika S | D12: Information Technology
A13: 12 | B13: 7376232CT111 | C13: Dhivya Dharshini S | D13: Computer Technology
... A140: 139 | B140: 7376231CD152 | C140: Subashchandra M | D140: Computer Science and Design

Sheet Round 2
A1: S. No | B1: Reg No. | C1: Name | D1: Department
A2: 1 | B2: 7376232AD104 | C2: Abinisha A S | D2: =VLOOKUP(B2,'Round 1'!B:D,3,0) -> Artificial Intelligence and Data Science
A3: 2 | B3: 7376232IT110 | C3: Annish Litisha Jebastin | D3: =VLOOKUP(B3,'Round 1'!B:D,3,0) -> Information Technology
A4: 3 | B4: 7376231SE105 | C4: Arumugam S | D4: =VLOOKUP(B4,'Round 1'!B:D,3,0) -> Information Science and Engineering
A5: 4 | B5: 7376232AD121 | C5: Charumathi S | D5: =VLOOKUP(B5,'Round 1'!B:D,3,0) -> Artificial Intelligence and Data Science
A6: 5 | B6: 7376232AD125 | C6: Deepsika R D | D6: =VLOOKUP(B6,'Round 1'!B:D,3,0) -> Artificial Intelligence and Data Science
A7: 6 | B7: 7376232CB108 | C7: Dhanusri M | D7: =VLOOKUP(B7,'Round 1'!B:D,3,0) -> Computer Science and Business Systems
A8: 7 | B8: 7376231CS134 | C8: Dhanusri M | D8: =VLOOKUP(B8,'Round 1'!B:D,3,0) -> Computer Science and Engineering
A9: 8 | B9: 7376232CT108 | C9: Dharani M | D9: =VLOOKUP(B9,'Round 1'!B:D,3,0) -> Computer Technology
A10: 9 | B10: 7376231CS137 | C10: Dharnish P | D10: =VLOOKUP(B10,'Round 1'!B:D,3,0) -> Computer Science and Engineering
A11: 10 | B11: 7376232CT110 | C11: Dharshini A T | D11: =VLOOKUP(B11,'Round 1'!B:D,3,0) -> Computer Technology
A12: 11 | B12: 7376232CB113 | C12: Dharshini S | D12: =VLOOKUP(B12,'Round 1'!B:D,3,0) -> Computer Science and Business Systems
A13: 12 | B13: 7376231SE117 | C13: Govarthini G | D13: =VLOOKUP(B13,'Round 1'!B:D,3,0) -> Information Science and Engineering
... A56: 55 | B56: 7376232IT286 | C56: Yogeswaran V | D56: =VLOOKUP(B56,'Round 1'!B:D,3,0) -> Information Technology

Sheet Round 3
A1: S. No | B1: Reg No. | C1: Name | D1: Department
A2: 1 | B2: 7376232AD104 | C2: Abinisha A S | D2: Artificial Intelligence and Data Science
A3: 2 | B3: 7376232AD121 | C3: Charumathi S | D3: Artificial Intelligence and Data Science
A4: 3 | B4: 7376232AD125 | C4: Deepsika R D | D4: Artificial Intelligence and Data Science
A5: 4 | B5: 7376232CB108 | C5: Dhanusri M | D5: Computer Science and Business Systems
A6: 5 | B6: 7376231CS137 | C6: Dharnish P | D6: Computer Science and Engineering
A7: 6 | B7: 7376232CT110 | C7: Dharshini A T | D7: Computer Technology
A8: 7 | B8: 7376231CS178 | C8: Hemalasree S | D8: Computer Science and Engineering
A9: 8 | B9: 7376232AD157 | C9: Ishwarya R | D9: Artificial Intelligence and Data Science
A10: 9 | B10: 7376231CS183 | C10: Jayamuguntha P | D10: Computer Science and Engineering
A11: 10 | B11: 7376232AD164 | C11: Jeevitha S | D11: Artificial Intelligence and Data Science
A12: 11 | B12: 7376232AD165 | C12: Jeyalakshmi M | D12: Artificial Intelligence and Data Science
A13: 12 | B13: 7376232AL143 | C13: Kishore R | D13: Artificial Intelligence and Machine Learning
... A31: 30 | B31: 7376232AD280 | C31: Vishnu A | D31: Artificial Intelligence and Data Science

Sheet Round 4
A1: S. No | B1: Reg No. | C1: Name | D1: Department
A2: 1 | B2: 7376232AD104 | C2: Abinisha A S | D2: Artificial Intelligence and Data Science
A3: 2 | B3: 7376232AD121 | C3: Charumathi S | D3: Artificial Intelligence and Data Science
A4: 3 | B4: 7376231CS137 | C4: Dharnish P | D4: Computer Science and Engineering
A5: 4 | B5: 7376231CS178 | C5: Hemalasree S | D5: Computer Science and Engineering
A6: 5 | B6: 7376232AD157 | C6: Ishwarya R | D6: Artificial Intelligence and Data Science
A7: 6 | B7: 7376231CS183 | C7: Jayamuguntha P | D7: Computer Science and Engineering
A8: 7 | B8: 7376232AD164 | C8: Jeevitha S | D8: Artificial Intelligence and Data Science
A9: 8 | B9: 7376232AL143 | C9: Kishore R | D9: Artificial Intelligence and Machine Learning
A10: 9 | B10: 7376232AD202 | C10: Nandidwaj R G | D10: Artificial Intelligence and Data Science
A11: 10 | B11: 7376231CS252 | C11: Nithish | D11: Computer Science and Engineering
A12: 11 | B12: 7376232CT134 | C12: Raaja Hari Vignesh S | D12: Computer Technology
A13: 12 | B13: 7376232AD253 | C13: Sharveswar S | D13: Artificial Intelligence and Data Science
... A15: 14 | B15: 7376232AD280 | C15: Vishnu A | D15: Artificial Intelligence and Data Science

Sheet Round 5
A1: S. No | B1: Reg No. | C1: Name | D1: Department
A2: 1 | B2: 7376232AD121 | C2: Charumathi S | D2: =VLOOKUP(B2,'Round 4'!B:D,3,0) -> Artificial Intelligence and Data Science
A3: 2 | B3: 7376231CS137 | C3: Dharnish P | D3: =VLOOKUP(B3,'Round 4'!B:D,3,0) -> Computer Science and Engineering
A4: 3 | B4: 7376231CS178 | C4: Hemalasree S | D4: =VLOOKUP(B4,'Round 4'!B:D,3,0) -> Computer Science and Engineering
A5: 4 | B5: 7376232AD157 | C5: Ishwarya R | D5: =VLOOKUP(B5,'Round 4'!B:D,3,0) -> Artificial Intelligence and Data Science
A6: 5 | B6: 7376232AD164 | C6: Jeevitha S | D6: =VLOOKUP(B6,'Round 4'!B:D,3,0) -> Artificial Intelligence and Data Science
A7: 6 | B7: 7376232AL143 | C7: Kishore R | D7: =VLOOKUP(B7,'Round 4'!B:D,3,0) -> Artificial Intelligence and Machine Learning
A8: 7 | B8: 7376232AD202 | C8: Nandidwaj R G | D8: =VLOOKUP(B8,'Round 4'!B:D,3,0) -> Artificial Intelligence and Data Science
A9: 8 | B9: 7376231CS252 | C9: Nithish | D9: =VLOOKUP(B9,'Round 4'!B:D,3,0) -> Computer Science and Engineering
A10: 9 | B10: 7376232CT134 | C10: Raaja Hari Vignesh S | D10: =VLOOKUP(B10,'Round 4'!B:D,3,0) -> Computer Technology
A11: 10 | B11: 7376232AD253 | C11: Sharveswar S | D11: =VLOOKUP(B11,'Round 4'!B:D,3,0) -> Artificial Intelligence and Data Science
A12: 11 | B12: 7376231CS317 | C12: Sowundarya R | D12: =VLOOKUP(B12,'Round 4'!B:D,3,0) -> Computer Science and Engineering
A13: 12 | B13: 7376232AD280 | C13: Vishnu A | D13: =VLOOKUP(B13,'Round 4'!B:D,3,0) -> Artificial Intelligence and Data Science

Sheet Offered
A1: S. No | B1: Reg No. | C1: Name | D1: Department
A2: 1 | B2: 7376231CS178 | C2: HEMALASREE S | D2: Computer Science and Engineering
A3: 2 | B3: 7376232AD157 | C3: ISHWARYA R | D3: Artificial Intelligence and Data Science
A4: 3 | B4: 7376232AD164 | C4: JEEVITHA S | D4: Artificial Intelligence and Data Science
A5: 4 | B5: 7376232AL143 | C5: KISHORE R | D5: Artificial Intelligence and Machine Learning
A6: 5 | B6: 7376232AD202 | C6: NANDIDWAJ R G | D6: Artificial Intelligence and Data Science
A7: 6 | B7: 7376231CS252 | C7: NITHISH S | D7: Computer Science and Engineering
A8: 7 | B8: 7376232CT134 | C8: RAAJA HARI VIGNESH S | D8: Computer Technology
A9: 8 | B9: 7376232AD253 | C9: SHARVESWAR S | D9: Artificial Intelligence and Data Science
A10: 9 | B10: 7376231CS317 | C10: SOWUNDARYA R | D10: Computer Science and Engineering
A11: 10 | B11: 7376232AD280 | C11: VISHNU A | D11: Artificial Intelligence and Data Science
